fecha,provincia,PP,PSOE,VOX,SUMAR,POD,ERC,JUNTS,BILDU,PNV,BNG,CC,UPN,COMPROMIS,OTROS
2026-10-04,A Coruña,39.8,24.8,11.2,4.7,2.7,0.0,0.0,0.0,0.0,10.8,0.0,0.0,0.0,6.0
2026-10-04,Lugo,39.8,24.8,11.2,4.7,2.7,0.0,0.0,0.0,0.0,10.8,0.0,0.0,0.0,6.0
2026-10-04,Asturias,34.8,31.6,14.4,8.9,3.7,0.0,0.0,0.0,0.0,0.0,0.0,0.0,0.0,6.6
2026-10-04,Cantabria,37.7,31.1,14.1,7.3,3.3,0.0,0.0,0.0,0.0,0.0,0.0,0.0,0.0,6.5
2026-10-04,Vizcaya,15.6,22.1,5.3,5.7,2.8,0.0,0.0,20.4,22.4,0.0,0.0,0.0,0.0,5.7
2026-10-04,Guipúzcoa,15.6,22.1,5.3,5.7,2.8,0.0,0.0,20.4,22.4,0.0,0.0,0.0,0.0,5.7
2026-10-04,Pontevedra,39.8,24.8,11.2,4.7,2.7,0.0,0.0,0.0,0.0,10.8,0.0,0.0,0.0,6.0
2026-10-04,Ourense,39.8,24.8,11.2,4.7,2.7,0.0,0.0,0.0,0.0,10.8,0.0,0.0,0.0,6.0
2026-10-04,León,43.3,24.9,18.7,4.7,2.4,0.0,0.0,0.0,0.0,0.0,0.0,0.0,0.0,6.0
2026-10-04,Palencia,43.3,24.9,18.7,4.7,2.4,0.0,0.0,0.0,0.0,0.0,0.0,0.0,0.0,6.0
2026-10-04,Burgos,43.3,24.9,18.7,4.7,2.4,0.0,0.0,0.0,0.0,0.0,0.0,0.0,0.0,6.0
2026-10-04,Álava,15.6,22.1,5.3,5.7,2.8,0.0,0.0,20.4,22.4,0.0,0.0,0.0,0.0,5.7
2026-10-04,Navarra,25.1,21.9,11.0,4.5,2.3,0.0,0.0,18.2,0.0,0.0,0.0,12.0,0.0,5.0
2026-10-04,Huesca,38.1,27.3,19.5,5.6,3.2,0.0,0.0,0.0,0.0,0.0,0.0,0.0,0.0,6.3
2026-10-04,Lleida,15.8,30.3,11.8,7.1,3.6,14.1,11.0,0.0,0.0,0.0,0.0,0.0,0.0,6.3
2026-10-04,Gerona,15.8,30.3,11.8,7.1,3.6,14.1,11.0,0.0,0.0,0.0,0.0,0.0,0.0,6.3
2026-10-04,Zamora,43.3,24.9,18.7,4.7,2.4,0.0,0.0,0.0,0.0,0.0,0.0,0.0,0.0,6.0
2026-10-04,Valladolid,43.3,24.9,18.7,4.7,2.4,0.0,0.0,0.0,0.0,0.0,0.0,0.0,0.0,6.0
2026-10-04,Soria,43.3,24.9,18.7,4.7,2.4,0.0,0.0,0.0,0.0,0.0,0.0,0.0,0.0,6.0
2026-10-04,La Rioja,43.6,23.7,18.8,5.4,2.4,0.0,0.0,0.0,0.0,0.0,0.0,0.0,0.0,6.1
2026-10-04,Zaragoza,38.1,27.3,19.5,5.6,3.2,0.0,0.0,0.0,0.0,0.0,0.0,0.0,0.0,6.3
2026-10-04,Tarragona,15.8,30.3,11.8,7.1,3.6,14.1,11.0,0.0,0.0,0.0,0.0,0.0,0.0,6.3
2026-10-04,Barcelona,15.8,30.3,11.8,7.1,3.6,14.1,11.0,0.0,0.0,0.0,0.0,0.0,0.0,6.3
2026-10-04,Salamanca,43.3,24.9,18.7,4.7,2.4,0.0,0.0,0.0,0.0,0.0,0.0,0.0,0.0,6.0
2026-10-04,Ávila,43.3,24.9,18.7,4.7,2.4,0.0,0.0,0.0,0.0,0.0,0.0,0.0,0.0,6.0
2026-10-04,Segovia,43.3,24.9,18.7,4.7,2.4,0.0,0.0,0.0,0.0,0.0,0.0,0.0,0.0,6.0
2026-10-04,Guadalajara,37.8,28.4,21.2,4.0,2.7,0.0,0.0,0.0,0.0,0.0,0.0,0.0,0.0,5.9
2026-10-04,Teruel,38.1,27.3,19.5,5.6,3.2,0.0,0.0,0.0,0.0,0.0,0.0,0.0,0.0,6.3
2026-10-04,Castellón,35.4,24.0,20.8,5.9,2.9,0.0,0.0,0.0,0.0,0.0,0.0,0.0,5.2,5.8
2026-10-04,Cáceres,34.0,34.7,18.2,4.1,2.8,0.0,0.0,0.0,0.0,0.0,0.0,0.0,0.0,6.2
2026-10-04,Toledo,37.8,28.4,21.2,4.0,2.7,0.0,0.0,0.0,0.0,0.0,0.0,0.0,0.0,5.9
2026-10-04,Madrid,41.7,20.9,19.6,8.1,3.7,0.0,0.0,0.0,0.0,0.0,0.0,0.0,0.0,6.0
2026-10-04,Cuenca,37.8,28.4,21.2,4.0,2.7,0.0,0.0,0.0,0.0,0.0,0.0,0.0,0.0,5.9
2026-10-04,Valencia,35.4,24.0,20.8,5.9,2.9,0.0,0.0,0.0,0.0,0.0,0.0,0.0,5.2,5.8
2026-10-04,Baleares,40.2,24.7,19.6,6.4,2.8,0.0,0.0,0.0,0.0,0.0,0.0,0.0,0.0,6.3
2026-10-04,Badajoz,34.0,34.7,18.2,4.1,2.8,0.0,0.0,0.0,0.0,0.0,0.0,0.0,0.0,6.2
2026-10-04,Ciudad Real,37.8,28.4,21.2,4.0,2.7,0.0,0.0,0.0,0.0,0.0,0.0,0.0,0.0,5.9
2026-10-04,Albacete,37.8,28.4,21.2,4.0,2.7,0.0,0.0,0.0,0.0,0.0,0.0,0.0,0.0,5.9
2026-10-04,Alicante,35.4,24.0,20.8,5.9,2.9,0.0,0.0,0.0,0.0,0.0,0.0,0.0,5.2,5.8
2026-10-04,Huelva,37.4,28.0,19.1,5.9,3.4,0.0,0.0,0.0,0.0,0.0,0.0,0.0,0.0,6.2
2026-10-04,Sevilla,37.4,28.0,19.1,5.9,3.4,0.0,0.0,0.0,0.0,0.0,0.0,0.0,0.0,6.2
2026-10-04,Córdoba,37.4,28.0,19.1,5.9,3.4,0.0,0.0,0.0,0.0,0.0,0.0,0.0,0.0,6.2
2026-10-04,Jaén,37.4,28.0,19.1,5.9,3.4,0.0,0.0,0.0,0.0,0.0,0.0,0.0,0.0,6.2
2026-10-04,Murcia,39.3,20.6,29.5,2.7,2.0,0.0,0.0,0.0,0.0,0.0,0.0,0.0,0.0,5.9
2026-10-04,Cádiz,37.4,28.0,19.1,5.9,3.4,0.0,0.0,0.0,0.0,0.0,0.0,0.0,0.0,6.2
2026-10-04,Málaga,37.4,28.0,19.1,5.9,3.4,0.0,0.0,0.0,0.0,0.0,0.0,0.0,0.0,6.2
2026-10-04,Granada,37.4,28.0,19.1,5.9,3.4,0.0,0.0,0.0,0.0,0.0,0.0,0.0,0.0,6.2
2026-10-04,Almería,37.4,28.0,19.1,5.9,3.4,0.0,0.0,0.0,0.0,0.0,0.0,0.0,0.0,6.2
2026-10-04,Santa Cruz de Tenerife,31.5,26.0,14.9,6.0,3.7,0.0,0.0,0.0,0.0,0.0,11.9,0.0,0.0,6.0
2026-10-04,Las Palmas,31.5,26.0,14.9,6.0,3.7,0.0,0.0,0.0,0.0,0.0,11.9,0.0,0.0,6.0
2026-10-04,Ceuta,46.4,22.8,22.8,1.8,0.9,0.0,0.0,0.0,0.0,0.0,0.0,0.0,0.0,5.3
2026-10-04,Melilla,46.4,22.8,22.8,1.8,0.9,0.0,0.0,0.0,0.0,0.0,0.0,0.0,0.0,5.3
